{"mean": [-9.559546838812157e-07, -2.6119375237453375e-07, -3.1936708638607095e-09, 1.0122089575355565e-06, 1.107696260389652e-06, 9.024051607730983e-07, -1.386892532103449e-06, -1.1001251519581253e-06], "std": [0.05128756428279353, 0.05971102426048275, 0.06251199962107169, 0.0669611076830212, 0.06160151025864326, 0.08203277007248458, 0.08532754621833359, 0.05559459414519824]}